method_key,display_name,protocol,source,source_csv,file_mtime,eval_split,way,shot,episodes,accuracy_mean,accuracy_std,accuracy_ci95,conf_maxalpha_mean,conf_maxalpha_std,conf_maxalpha_ci95,ood_alpha0_mean,ood_alpha0_std,ood_alpha0_ci95
info_edl_official,Info-EDL (official rerun),official_fsl_features,official_rerun,results/fewshot_official/raw/5w-infoedl-official-v5.csv,1773737511860616702,novel,5,1,10000,0.5257413333333412,0.11121961589908771,0.0021799044716221193,0.731103053400648,0.13725979618227224,0.002690292005172536,0.6477000094646813,0.13821354824053533,0.002708985545514492
info_edl_official,Info-EDL (official rerun),official_fsl_features,official_rerun,results/fewshot_official/raw/5w-infoedl-official-v5.csv,1773737511860616702,novel,5,5,10000,0.7117493333334274,0.09450569453134748,0.0018523116128144107,0.8502436618670641,0.09608196549042902,0.0018832065236124088,0.5431966194639526,0.10732941041019069,0.0021036564440397375
info_edl_official,Info-EDL (official rerun),official_fsl_features,official_rerun,results/fewshot_official/raw/5w-infoedl-official-v5.csv,1773737511860616702,novel,5,20,10000,0.7980890000000089,0.07225773451347496,0.0014162515964641093,0.9020820823855802,0.06505570049003438,0.0012750917296046737,0.5113699527983497,0.09815495978463028,0.0019238372117787532
