method,dataset,accuracy_mean,accuracy_std,auroc_mean,auroc_std,fpr95_mean,fpr95_std,n
edl_l01,cifar100,0.854060,0.001381,0.763926,0.008506,0.792960,0.039610,5
edl_l01,svhn,0.854060,0.001381,0.791553,0.026644,0.570740,0.085547,5
edl_l1,cifar100,0.855500,0.000297,0.574447,0.019714,0.984520,0.003287,5
edl_l1,svhn,0.855500,0.000297,0.540130,0.048573,0.979280,0.010384,5
info_edl,cifar100,0.854860,0.001664,0.813392,0.000944,0.575720,0.005688,5
info_edl,svhn,0.854860,0.001664,0.787974,0.026921,0.508600,0.050430,5
